Wall time,Step,Value
1680117031.1349385,0,-0.013982735574245453
1680117103.9842181,10,-0.009747618809342384
1680117175.2639961,20,-0.00030976696871221066
