Wall time,Step,Value
1680117031.1339364,0,36.41716766357422
1680117103.9832182,10,1.6873072385787964
1680117175.2639961,20,3.3219738006591797
