Wall time,Step,Value
1680117031.1349385,0,0.0006000000284984708
1680117103.9842181,10,0.002149908570572734
1680117175.2639961,20,0.0010367999784648418
