Wall time,Step,Value
1680117031.1349385,0,0.9953011274337769
1680117103.9842181,10,0.9195016622543335
1680117175.2639961,20,0.8426005244255066
